date,ticker,open,high,low,close,volume,market_cap_usd,daily_return_pct,52w_high,52w_low,pe_ratio,sector
2024-01-02,AAPL,175.0,178.03,173.04,176.99,17187942,242300242916643,1.1383,203.45,145.57,20.04,Technology
2024-01-03,AAPL,176.99,179.31,174.09,178.61,13605850,9521753158133,0.9126,212.43,153.56,49.4,Technology
2024-01-04,AAPL,178.61,186.77,176.3,183.21,5207906,270474769084823,2.574,221.89,147.62,43.62,Technology
2024-01-05,AAPL,183.21,189.64,181.51,188.08,11669930,111864563160152,2.6577,216.35,133.12,78.92,Technology
2024-01-08,AAPL,188.08,190.01,186.37,187.67,4936488,392965854726613,-0.2186,234.21,174.53,66.5,Technology
2024-01-09,AAPL,187.67,190.84,186.17,187.75,10143621,381907984915948,0.0453,236.32,158.32,33.29,Technology
2024-01-10,AAPL,187.75,188.84,182.95,184.53,10948812,527028394297931,-1.7136,244.54,122.73,68.97,Technology
2024-01-11,AAPL,184.53,186.11,179.93,181.54,3690914,490969849646325,-1.6185,222.46,130.4,44.61,Technology
2024-01-12,AAPL,181.54,183.62,181.25,182.39,6357535,361238148337715,0.4702,211.46,134.77,43.81,Technology
2024-01-15,AAPL,182.39,185.46,180.95,184.96,5049521,431589913997767,1.4106,210.35,126.36,67.41,Technology
2024-01-16,AAPL,184.96,188.32,184.73,187.04,7171166,458607545799477,1.1239,194.3,124.1,63.74,Technology
2024-01-17,AAPL,187.04,189.83,180.78,183.86,7929768,208374861926685,-1.6981,235.9,132.69,27.74,Technology
2024-01-18,AAPL,183.86,189.27,180.83,186.2,7466430,35575644571918,1.2753,203.13,161.38,33.15,Technology
2024-01-19,AAPL,186.2,190.56,184.69,188.13,6613578,490466300494023,1.0356,204.79,137.4,41.44,Technology
2024-01-22,AAPL,188.13,190.41,185.79,187.84,13952066,380060749608822,-0.1538,203.23,125.73,67.63,Technology
2024-01-23,AAPL,187.84,194.64,184.43,190.87,9156684,300461563494247,1.6143,197.64,156.08,84.08,Technology
2024-01-24,AAPL,190.87,193.22,188.27,191.31,2794557,248113585306605,0.2286,221.65,175.04,84.96,Technology
2024-01-25,AAPL,191.31,196.23,188.86,193.59,2999151,35981800618670,1.1942,221.31,143.31,22.01,Technology
2024-01-26,AAPL,193.59,196.45,189.59,190.18,10929516,81683477030456,-1.7601,238.23,176.3,34.56,Technology
2024-01-29,AAPL,190.18,191.7,187.36,188.92,3714198,374391298261194,-0.661,226.8,147.19,28.16,Technology
2024-01-30,AAPL,188.92,197.85,185.2,194.65,7968533,212210106869446,3.0351,200.96,168.57,37.79,Technology
2024-01-31,AAPL,194.65,196.32,190.11,191.71,11231165,49439546542602,-1.5102,229.37,180.92,80.16,Technology
2024-02-01,AAPL,191.71,199.86,190.55,196.29,8192523,175126203587267,2.3891,212.51,132.85,51.4,Technology
2024-02-02,AAPL,196.29,198.37,188.79,192.17,5778747,459960810908004,-2.0986,223.85,167.22,53.41,Technology
2024-02-05,AAPL,192.17,195.05,188.75,193.22,7168760,385084890110191,0.544,215.67,137.11,67.73,Technology
2024-02-06,AAPL,193.22,195.01,191.51,192.74,7403367,95079086106031,-0.249,256.73,177.92,68.64,Technology
2024-02-07,AAPL,192.74,195.07,192.17,193.13,12984640,73862154969822,0.2014,210.23,156.19,65.78,Technology
2024-02-08,AAPL,193.13,199.63,192.69,196.18,13427849,451707804538464,1.5817,237.59,162.85,41.39,Technology
2024-02-09,AAPL,196.18,197.8,193.94,195.46,3996712,330771355235249,-0.3678,256.38,175.1,30.65,Technology
2024-02-12,AAPL,195.46,196.8,194.3,196.27,10245502,552023858195413,0.4141,248.9,133.86,40.74,Technology
2024-02-13,AAPL,196.27,202.25,192.35,199.86,3306566,39917345444901,1.8308,237.62,177.45,83.59,Technology
2024-02-14,AAPL,199.86,202.64,197.98,198.95,13682582,311646794492228,-0.4546,245.92,143.23,42.67,Technology
2024-02-15,AAPL,198.95,199.7,196.02,196.43,7784275,493843035354271,-1.2649,238.73,156.52,57.1,Technology
2024-02-16,AAPL,196.43,201.83,195.12,198.61,15983151,358025849807016,1.1106,224.45,186.04,23.64,Technology
2024-02-19,AAPL,198.61,204.44,197.76,202.4,8749423,302112601394078,1.9087,250.5,151.54,83.68,Technology
2024-02-20,AAPL,202.4,203.41,198.97,200.19,20032471,487282414292937,-1.0933,255.05,134.75,75.58,Technology
2024-02-21,AAPL,200.19,203.15,199.93,201.45,14970325,399447585765832,0.6285,261.16,189.64,53.36,Technology
2024-02-22,AAPL,201.45,205.44,198.49,199.61,16885069,236003561418846,-0.9129,243.42,148.05,63.75,Technology
2024-02-23,AAPL,199.61,202.98,196.11,201.27,22449531,454973943150512,0.8293,244.35,177.96,74.49,Technology
2024-02-26,AAPL,201.27,202.1,197.17,200.66,5202905,419866450975554,-0.3034,228.91,139.57,30.27,Technology
2024-02-27,AAPL,200.66,200.92,199.41,200.68,3932567,347860931395268,0.0101,251.53,189.93,25.33,Technology
2024-02-28,AAPL,200.68,206.61,200.2,203.16,7558392,61293875782084,1.2356,269.36,141.26,18.67,Technology
2024-02-29,AAPL,203.16,209.27,202.84,206.73,8124813,389998843155287,1.7557,237.94,134.13,31.86,Technology
2024-03-01,AAPL,206.73,210.69,201.48,203.02,9383753,230526032251986,-1.7968,259.97,183.7,61.1,Technology
2024-03-04,AAPL,203.02,206.65,200.02,203.93,3317494,400679316675033,0.4462,235.54,139.27,20.78,Technology
2024-03-05,AAPL,203.93,206.11,196.44,200.36,9344653,345691325926655,-1.7498,249.16,149.3,67.18,Technology
2024-03-06,AAPL,200.36,202.89,198.81,200.84,6557549,262992868015227,0.2386,244.73,136.21,19.44,Technology
2024-03-07,AAPL,200.84,205.43,199.93,204.51,5485344,15122076696436,1.8263,244.39,162.87,71.85,Technology
2024-03-08,AAPL,204.51,206.99,200.31,201.61,9280504,478491509234197,-1.4179,222.35,179.13,82.6,Technology
2024-03-11,AAPL,201.61,205.4,198.27,202.89,7353182,338997636370410,0.6361,260.11,138.49,24.02,Technology
2024-03-12,AAPL,202.89,205.72,202.11,203.34,11820360,24297251007153,0.2232,272.68,162.69,40.45,Technology
2024-03-13,AAPL,203.34,207.2,196.92,200.94,7690597,183315740175150,-1.1799,271.23,163.86,69.8,Technology
2024-03-14,AAPL,200.94,203.34,198.23,199.59,5629240,314385942079195,-0.6735,270.43,151.84,52.67,Technology
2024-03-15,AAPL,199.59,203.23,196.5,199.92,11084847,115233857693743,0.1668,227.52,179.59,82.02,Technology
2024-03-18,AAPL,199.92,201.48,195.15,198.64,7211339,371973966543520,-0.6407,214.38,145.24,41.72,Technology
2024-03-19,AAPL,198.64,201.2,195.63,200.68,6665096,257803550287181,1.0275,249.96,161.05,19.94,Technology
2024-03-20,AAPL,200.68,203.54,196.61,199.88,1742209,225033827567551,-0.3974,250.29,179.84,57.35,Technology
2024-03-21,AAPL,199.88,203.85,196.39,198.73,10216913,18350915301454,-0.5764,246.07,134.57,23.72,Technology
2024-03-22,AAPL,198.73,201.56,197.17,201.11,13280700,220822030299629,1.1959,228.55,145.47,75.82,Technology
2024-03-25,AAPL,201.11,202.86,200.79,201.22,9526475,230440679218001,0.0556,217.5,186.57,27.3,Technology
2024-03-26,AAPL,201.22,204.56,198.85,201.0,5816047,320383136882483,-0.1094,253.56,183.03,53.61,Technology
2024-03-27,AAPL,201.0,201.85,196.65,197.05,4566367,232094661225026,-1.9653,231.86,175.35,82.76,Technology
2024-03-28,AAPL,197.05,200.43,191.87,193.99,7780477,76781829075965,-1.5507,207.46,158.44,25.88,Technology
2024-03-29,AAPL,193.99,198.57,190.31,195.64,12584224,426568864178872,0.8509,260.4,167.27,32.44,Technology
2024-04-01,AAPL,195.64,196.52,192.61,192.85,5420473,462537160464004,-1.4281,234.9,143.35,44.94,Technology
2024-04-02,AAPL,192.85,200.62,190.11,197.37,6138350,508404514744530,2.3434,257.31,148.87,36.89,Technology
2024-04-03,AAPL,197.37,201.19,196.97,198.24,9911275,100678697641444,0.4421,210.64,172.31,53.79,Technology
2024-04-04,AAPL,198.24,202.06,191.15,193.46,9301931,296654824045201,-2.4117,251.61,157.38,51.05,Technology
2024-04-05,AAPL,193.46,201.21,191.08,198.38,8767401,367918627241538,2.5412,256.0,169.04,64.99,Technology
2024-04-08,AAPL,198.38,199.5,196.1,197.28,4010755,562907338143687,-0.5561,257.3,181.34,51.97,Technology
2024-04-09,AAPL,197.28,201.09,193.43,194.83,5762412,515824648284976,-1.2396,238.13,141.55,20.26,Technology
2024-04-10,AAPL,194.83,200.13,192.5,196.38,5346198,225168890907240,0.7975,226.39,133.26,78.98,Technology
2024-01-02,GOOGL,140.0,142.23,137.51,140.05,16557345,127171885574783,0.0326,159.33,99.95,66.66,Technology
2024-01-03,GOOGL,140.05,141.0,138.53,138.85,7673023,268574264512187,-0.8601,181.75,92.52,47.41,Technology
2024-01-04,GOOGL,138.85,139.93,136.09,137.23,6015268,136643633614355,-1.1669,160.53,90.47,77.31,Technology
2024-01-05,GOOGL,137.23,138.37,135.77,137.97,13670052,36970466230201,0.5415,165.27,95.53,23.67,Technology
2024-01-08,GOOGL,137.97,139.83,134.74,136.89,9092662,163603549039750,-0.7818,157.26,107.41,27.75,Technology
2024-01-09,GOOGL,136.89,138.56,136.34,137.28,7115940,68375789169974,0.2833,158.26,106.8,40.15,Technology
2024-01-10,GOOGL,137.28,138.84,134.64,138.2,6978135,164833879922903,0.6697,174.78,126.34,26.22,Technology
2024-01-11,GOOGL,138.2,140.84,136.13,138.94,15281112,176727447660752,0.5339,167.92,122.99,65.0,Technology
2024-01-12,GOOGL,138.94,141.41,136.04,137.48,18958861,381071234240052,-1.0492,181.03,106.52,22.68,Technology
2024-01-15,GOOGL,137.48,138.38,136.04,137.83,9481340,317786923555432,0.2555,154.11,117.34,38.95,Technology
2024-01-16,GOOGL,137.83,142.29,135.83,140.99,7876463,206620674823392,2.2945,176.18,99.83,25.67,Technology
2024-01-17,GOOGL,140.99,143.18,139.04,139.54,8651739,416227911190483,-1.028,158.5,126.35,28.89,Technology
2024-01-18,GOOGL,139.54,141.54,137.17,138.62,3695799,77051500711370,-0.6593,188.07,115.45,59.41,Technology
2024-01-19,GOOGL,138.62,139.04,138.46,138.8,11572440,387024162521802,0.1263,163.28,115.74,21.37,Technology
2024-01-22,GOOGL,138.8,141.69,137.69,140.73,10437841,99328856862458,1.3892,159.74,110.17,50.69,Technology
2024-01-23,GOOGL,140.73,141.59,137.68,139.73,6358549,148506186100939,-0.7076,165.42,104.98,18.33,Technology
2024-01-24,GOOGL,139.73,142.52,137.5,140.39,9263325,199928503322866,0.4731,184.8,95.05,27.94,Technology
2024-01-25,GOOGL,140.39,143.16,137.84,142.2,7635896,7931891315137,1.2914,170.65,127.56,38.18,Technology
2024-01-26,GOOGL,142.2,144.45,140.73,142.14,5538214,159794210269042,-0.0425,177.05,101.39,41.88,Technology
2024-01-29,GOOGL,142.14,145.14,139.62,142.98,7481142,252486372618964,0.592,188.14,120.29,28.33,Technology
2024-01-30,GOOGL,142.98,143.33,140.38,141.74,2976972,147204138900630,-0.8667,181.24,135.39,29.14,Technology
2024-01-31,GOOGL,141.74,142.4,140.32,141.67,7670184,108914286653474,-0.0465,186.12,128.42,78.48,Technology
2024-02-01,GOOGL,141.67,147.26,140.77,145.87,7532954,398791775935871,2.9656,151.63,109.89,80.19,Technology
2024-02-02,GOOGL,145.87,147.68,144.5,145.48,8863422,58172897904031,-0.2644,155.15,119.59,70.61,Technology
2024-02-05,GOOGL,145.48,146.72,143.36,144.37,4110893,377197422602179,-0.7654,195.16,101.79,67.55,Technology
2024-02-06,GOOGL,144.37,145.61,139.69,141.79,15844521,80031667700436,-1.7871,158.52,103.27,63.77,Technology
2024-02-07,GOOGL,141.79,145.77,140.86,144.38,4834497,228458755849959,1.8258,161.79,101.54,64.58,Technology
2024-02-08,GOOGL,144.38,144.65,141.03,143.25,8051852,18863971668977,-0.7821,158.02,132.12,79.91,Technology
2024-02-09,GOOGL,143.25,145.14,140.66,142.84,21357624,353226128654012,-0.287,173.39,93.17,39.32,Technology
2024-02-12,GOOGL,142.84,143.21,140.44,141.37,6619171,233908835699134,-1.0309,180.92,110.34,57.8,Technology
2024-02-13,GOOGL,141.37,143.7,140.5,141.11,10356995,94480141832564,-0.1873,189.37,99.39,83.01,Technology
2024-02-14,GOOGL,141.11,143.34,135.12,135.82,6433107,45191600018638,-3.7491,179.74,107.89,60.77,Technology
2024-02-15,GOOGL,135.82,139.29,135.21,137.71,5299308,92762492543463,1.3896,153.56,111.98,71.54,Technology
2024-02-16,GOOGL,137.71,138.51,136.86,137.77,6643877,153667338160743,0.0448,181.87,93.38,27.71,Technology
2024-02-19,GOOGL,137.77,139.98,136.3,139.34,22162861,305502640225921,1.1368,171.42,90.42,26.4,Technology
2024-02-20,GOOGL,139.34,142.0,136.74,140.24,13934473,32264363074132,0.6448,156.56,128.57,82.93,Technology
2024-02-21,GOOGL,140.24,144.33,139.59,142.22,12739727,258247505684717,1.414,163.15,92.03,72.86,Technology
2024-02-22,GOOGL,142.22,142.76,140.05,142.5,4340391,37695910475410,0.1999,155.42,119.21,15.94,Technology
2024-02-23,GOOGL,142.5,147.9,141.64,147.45,6826028,151150095934793,3.4718,179.87,101.27,48.63,Technology
2024-02-26,GOOGL,147.45,148.05,143.44,145.43,7213558,69257004878192,-1.3708,157.29,126.45,58.92,Technology
2024-02-27,GOOGL,145.43,148.63,143.34,148.19,17055742,228502179938073,1.9003,189.2,100.72,78.85,Technology
2024-02-28,GOOGL,148.19,150.97,147.07,150.4,9619367,103665442605105,1.491,194.68,113.43,76.9,Technology
2024-02-29,GOOGL,150.4,151.54,147.71,150.9,7137804,48089222474749,0.3319,201.05,113.88,58.1,Technology
2024-03-01,GOOGL,150.9,157.32,150.45,154.47,19136386,281050680961834,2.3653,166.51,122.1,56.97,Technology
2024-03-04,GOOGL,154.47,156.58,151.79,153.99,6867415,378110772066368,-0.3127,178.34,105.22,79.14,Technology
2024-03-05,GOOGL,153.99,156.52,150.42,151.4,3308567,36784588433250,-1.6836,161.79,143.2,25.41,Technology
2024-03-06,GOOGL,151.4,152.67,149.46,150.41,6170623,354945804176929,-0.656,180.7,101.47,55.45,Technology
2024-03-07,GOOGL,150.41,152.51,150.24,152.1,8028566,84854905329575,1.1249,175.3,112.17,44.67,Technology
2024-03-08,GOOGL,152.1,154.55,149.31,151.38,5473527,364733559811975,-0.4737,189.54,110.09,44.31,Technology
2024-03-11,GOOGL,151.38,153.06,148.16,148.81,8986603,173082749029521,-1.6992,185.33,117.55,55.45,Technology
2024-03-12,GOOGL,148.81,150.95,145.36,147.65,4078700,3477943838544,-0.7783,200.62,97.49,54.09,Technology
2024-03-13,GOOGL,147.65,152.51,145.68,152.19,6606672,387859749596324,3.0725,193.43,132.25,35.63,Technology
2024-03-14,GOOGL,152.19,157.82,151.79,154.81,19207754,114382106058664,1.7229,197.6,101.47,24.65,Technology
2024-03-15,GOOGL,154.81,159.43,151.79,158.14,7390771,457857346237555,2.1526,179.81,133.2,61.39,Technology
2024-03-18,GOOGL,158.14,164.8,155.07,161.96,13607223,179006936468953,2.417,169.79,106.45,54.84,Technology
2024-03-19,GOOGL,161.96,163.24,161.01,162.51,6836217,365338692990321,0.3407,204.0,119.83,43.81,Technology
2024-03-20,GOOGL,162.51,164.82,158.15,160.49,18697536,77087150278847,-1.2435,213.59,107.2,67.58,Technology
2024-03-21,GOOGL,160.49,163.19,159.08,160.21,8872521,421318638835418,-0.1769,195.2,144.26,79.34,Technology
2024-03-22,GOOGL,160.21,161.66,154.06,156.73,8804317,457615576028961,-2.1707,193.29,151.14,23.76,Technology
2024-03-25,GOOGL,156.73,158.31,154.14,157.5,17449147,353083071007566,0.4916,190.86,141.45,72.16,Technology
2024-03-26,GOOGL,157.5,159.58,155.0,155.67,9678265,78924801021653,-1.1598,203.33,132.93,28.63,Technology
2024-03-27,GOOGL,155.67,158.35,155.06,156.4,10086581,15440722407620,0.4678,176.63,126.48,19.57,Technology
2024-03-28,GOOGL,156.4,157.47,151.97,153.43,5489883,294676284596343,-1.8986,165.74,114.29,83.37,Technology
2024-03-29,GOOGL,153.43,155.89,148.05,150.94,6885889,144000106676282,-1.6259,204.53,100.12,39.97,Technology
2024-04-01,GOOGL,150.94,151.65,149.69,150.55,14554948,328376506386887,-0.2552,202.58,129.93,21.82,Technology
2024-04-02,GOOGL,150.55,150.99,147.01,147.7,13970181,68430469655174,-1.8929,184.6,115.12,56.05,Technology
2024-04-03,GOOGL,147.7,149.35,146.05,148.77,6377317,395331513773425,0.7231,159.22,127.84,76.91,Technology
2024-04-04,GOOGL,148.77,152.23,146.25,149.89,4494300,433413989911193,0.7509,179.25,129.22,60.6,Technology
2024-04-05,GOOGL,149.89,154.08,147.86,151.67,7319244,165402857282618,1.1885,195.87,116.8,77.35,Technology
2024-04-08,GOOGL,151.67,152.79,150.4,152.03,5446653,36315389797238,0.2398,166.19,127.15,49.83,Technology
2024-04-09,GOOGL,152.03,155.14,150.57,152.47,6843838,443277120966283,0.2918,195.27,102.8,21.59,Technology
2024-04-10,GOOGL,152.47,153.09,148.37,150.58,26004054,165567961236896,-1.2424,164.17,107.3,69.04,Technology
2024-01-02,MSFT,380.0,382.23,378.61,379.88,15641593,743091575186246,-0.0321,415.01,261.13,54.81,Technology
2024-01-03,MSFT,379.88,391.35,378.47,388.01,11338044,1068060866642221,2.1403,413.57,288.72,74.14,Technology
2024-01-04,MSFT,388.01,397.54,383.98,392.07,7697887,313475603380844,1.0462,509.33,331.66,58.44,Technology
2024-01-05,MSFT,392.07,394.29,386.1,387.8,4658305,15011619163055,-1.0884,512.01,289.03,26.07,Technology
2024-01-08,MSFT,387.8,391.05,382.24,386.58,9970330,113695812032791,-0.3153,461.39,326.82,78.01,Technology
2024-01-09,MSFT,386.58,392.34,383.95,384.94,9308111,1065758312627997,-0.4247,495.0,274.41,38.01,Technology
2024-01-10,MSFT,384.94,388.88,376.7,379.22,41082771,544755261524082,-1.4854,436.33,254.63,25.9,Technology
2024-01-11,MSFT,379.22,381.91,366.23,373.48,10161411,675706021147507,-1.5149,441.44,353.03,40.3,Technology
2024-01-12,MSFT,373.48,374.24,368.08,369.38,11304985,1055926420565589,-1.0976,468.76,273.0,59.5,Technology
2024-01-15,MSFT,369.38,374.04,364.09,370.82,9771546,793902260719773,0.3906,484.4,298.25,61.88,Technology
2024-01-16,MSFT,370.82,371.84,369.42,370.48,22758832,383790292931056,-0.093,473.15,259.34,39.45,Technology
2024-01-17,MSFT,370.48,375.7,360.34,366.55,11715883,767782926590472,-1.0617,428.43,317.82,42.24,Technology
2024-01-18,MSFT,366.55,378.31,359.76,373.7,9383950,750713981985056,1.9493,452.67,273.86,84.05,Technology
2024-01-19,MSFT,373.7,385.79,368.47,380.09,6528571,176461056452627,1.7112,443.81,259.44,75.5,Technology
2024-01-22,MSFT,380.09,391.96,376.25,388.57,21143154,10093307942102,2.2316,450.47,341.99,23.8,Technology
2024-01-23,MSFT,388.57,389.68,371.97,377.96,13435643,1110223667600744,-2.7296,456.98,316.23,26.63,Technology
2024-01-24,MSFT,377.96,385.18,374.73,375.31,12258776,651859703527576,-0.701,398.49,337.95,16.13,Technology
2024-01-25,MSFT,375.31,385.94,372.79,379.31,6218027,740413634618262,1.0647,445.42,290.16,39.65,Technology
2024-01-26,MSFT,379.31,385.2,367.85,374.53,7568832,202172869999885,-1.2614,447.02,266.68,56.64,Technology
2024-01-29,MSFT,374.53,380.92,368.19,370.75,7801861,489730574700846,-1.0097,425.08,313.15,79.76,Technology
2024-01-30,MSFT,370.75,385.38,364.07,379.19,2464534,740986323352307,2.2758,457.83,286.73,49.75,Technology
2024-01-31,MSFT,379.19,380.51,374.81,379.41,2828960,663960762476619,0.0573,401.86,279.45,44.44,Technology
2024-02-01,MSFT,379.41,383.43,373.23,380.3,15288505,538763066958608,0.2354,412.54,356.75,78.98,Technology
2024-02-02,MSFT,380.3,385.77,371.58,373.79,14389077,14092379373662,-1.711,442.06,272.74,34.85,Technology
2024-02-05,MSFT,373.79,382.62,371.96,376.25,6790312,471414470567700,0.6571,419.57,343.91,44.02,Technology
2024-02-06,MSFT,376.25,381.81,374.56,378.74,9139438,932761877515617,0.6617,462.78,282.39,82.14,Technology
2024-02-07,MSFT,378.74,389.4,372.55,381.95,8738441,740462233716696,0.8477,491.82,337.23,55.45,Technology
2024-02-08,MSFT,381.95,393.75,375.57,386.19,14870777,1048100947717763,1.109,460.32,298.39,21.97,Technology
2024-02-09,MSFT,386.19,392.94,384.22,387.9,5065830,981948182293882,0.4418,478.18,281.17,53.7,Technology
2024-02-12,MSFT,387.9,391.83,383.37,390.75,7985024,739396283731400,0.7343,476.34,255.37,64.53,Technology
2024-02-13,MSFT,390.75,395.64,388.45,392.4,8065345,158798717774397,0.4213,463.47,328.02,40.07,Technology
2024-02-14,MSFT,392.4,395.72,388.54,393.11,25801015,293686362969742,0.1817,503.85,347.59,68.93,Technology
2024-02-15,MSFT,393.11,400.49,388.2,391.36,6340482,751639719356029,-0.4461,481.09,267.72,47.14,Technology
2024-02-16,MSFT,391.36,393.85,388.62,389.79,7765022,113795201361875,-0.4013,468.96,296.81,73.68,Technology
2024-02-19,MSFT,389.79,390.34,378.87,386.05,12841056,1111153532125842,-0.9591,418.2,333.74,41.27,Technology
2024-02-20,MSFT,386.05,392.37,376.22,382.56,24322620,17318020846745,-0.9053,426.05,316.63,57.47,Technology
2024-02-21,MSFT,382.56,401.77,378.43,393.94,11616946,727924267943445,2.9745,464.41,266.84,66.92,Technology
2024-02-22,MSFT,393.94,397.22,386.23,396.6,7681464,611778499633069,0.6748,431.64,358.51,23.04,Technology
2024-02-23,MSFT,396.6,399.58,394.15,397.52,13740565,1121183928124178,0.232,448.27,315.09,81.73,Technology
2024-02-26,MSFT,397.52,400.14,392.13,394.43,14881316,589660263971875,-0.7785,478.53,306.08,28.51,Technology
2024-02-27,MSFT,394.43,404.73,388.65,397.63,17445391,472219576641801,0.8103,483.21,347.07,36.81,Technology
2024-02-28,MSFT,397.63,404.83,396.35,400.72,2696699,512863858441366,0.7761,506.63,355.79,58.6,Technology
2024-02-29,MSFT,400.72,405.44,392.07,397.19,6384690,756092840375667,-0.8802,428.48,280.57,17.36,Technology
2024-03-01,MSFT,397.19,399.8,389.83,391.51,8474737,759771134803373,-1.4289,532.05,300.15,17.1,Technology
2024-03-04,MSFT,391.51,399.55,386.34,393.25,13246573,91167693582618,0.444,488.25,298.17,69.57,Technology
2024-03-05,MSFT,393.25,396.57,387.84,396.09,12047677,556169469382296,0.7227,506.73,361.64,54.31,Technology
2024-03-06,MSFT,396.09,400.45,384.69,391.76,13892048,331027280041140,-1.0934,488.13,362.43,75.19,Technology
2024-03-07,MSFT,391.76,403.6,389.55,399.99,14339625,385423618061856,2.1019,448.97,277.81,71.19,Technology
2024-03-08,MSFT,399.99,403.59,379.9,386.72,9001471,203357520695488,-3.3177,459.21,305.94,55.35,Technology
2024-03-11,MSFT,386.72,393.4,385.03,385.5,17911569,1054826218932654,-0.3151,439.05,349.01,43.2,Technology
2024-03-12,MSFT,385.5,393.83,382.51,393.14,4498095,87403094052531,1.9819,415.78,343.39,65.63,Technology
2024-03-13,MSFT,393.14,396.52,388.44,392.14,20317080,372464910257615,-0.2543,485.02,301.93,63.75,Technology
2024-03-14,MSFT,392.14,399.74,377.41,384.21,11681770,434583641538239,-2.0212,484.45,258.34,18.35,Technology
2024-03-15,MSFT,384.21,389.07,381.55,386.31,9023864,508195498713223,0.5474,423.04,271.77,78.16,Technology
2024-03-18,MSFT,386.31,393.96,379.33,380.19,19624785,990784414472212,-1.5839,435.72,342.07,22.76,Technology
2024-03-19,MSFT,380.19,384.64,377.01,381.87,8331980,931865636122404,0.4407,429.98,266.55,24.64,Technology
2024-03-20,MSFT,381.87,388.51,377.71,379.87,9468823,1012383279145029,-0.5242,511.61,295.56,46.27,Technology
2024-03-21,MSFT,379.87,388.26,377.05,383.66,13602727,1123894799646854,0.9982,435.55,330.21,30.81,Technology
2024-03-22,MSFT,383.66,384.65,379.87,383.47,13491017,1004892304220879,-0.0499,478.75,334.01,29.41,Technology
2024-03-25,MSFT,383.47,394.37,375.9,393.53,16663912,259794485418836,2.6221,496.81,270.87,22.32,Technology
2024-03-26,MSFT,393.53,399.49,392.08,395.13,16949482,902894396872638,0.4075,450.02,309.4,25.78,Technology
2024-03-27,MSFT,395.13,397.17,380.57,385.62,8611419,1128157562933713,-2.4064,517.76,317.7,69.6,Technology
2024-03-28,MSFT,385.62,388.63,380.16,387.04,12905396,1010734318976577,0.3673,479.91,267.69,76.33,Technology
2024-03-29,MSFT,387.04,394.02,380.67,387.06,6133350,38833712428831,0.0045,483.24,304.13,33.59,Technology
2024-04-01,MSFT,387.06,392.36,380.43,388.78,8098102,588627818037276,0.4432,465.39,257.76,34.08,Technology
2024-04-02,MSFT,388.78,399.82,384.13,393.95,13483492,351642762179581,1.3298,455.19,321.99,52.07,Technology
2024-04-03,MSFT,393.95,399.44,386.44,389.45,9078115,1120654282867684,-1.1419,439.6,262.35,17.5,Technology
2024-04-04,MSFT,389.45,390.59,383.3,389.41,10676917,726778823738707,-0.0112,492.56,298.93,22.09,Technology
2024-04-05,MSFT,389.41,391.78,382.39,388.64,3193315,917344705454608,-0.1982,449.49,286.76,56.74,Technology
2024-04-08,MSFT,388.64,392.74,385.96,388.56,7121807,558797310839080,-0.0195,443.67,358.33,31.7,Technology
2024-04-09,MSFT,388.56,390.33,386.9,388.03,10575595,170102054046905,-0.136,409.47,307.89,38.38,Technology
2024-04-10,MSFT,388.03,390.58,385.28,389.62,12628316,998000977309465,0.4087,476.58,365.08,55.82,Technology
2024-01-02,TSLA,220.0,220.68,213.32,214.27,9135491,366035553122808,-2.6024,296.37,198.13,51.77,Automotive
2024-01-03,TSLA,214.27,217.03,211.22,216.43,11345886,478854965476769,1.0085,254.08,186.51,84.29,Automotive
2024-01-04,TSLA,216.43,218.14,211.82,216.09,15818030,230695466618709,-0.1563,273.36,198.56,69.22,Automotive
2024-01-05,TSLA,216.09,229.1,212.23,226.31,3822209,466666090867583,4.7283,274.1,141.8,83.5,Automotive
2024-01-08,TSLA,226.31,234.44,223.92,233.58,4994122,173885804166865,3.2105,287.94,213.18,40.16,Automotive
2024-01-09,TSLA,233.58,238.05,231.62,233.46,6401041,676304994455831,-0.0513,306.72,199.39,77.95,Automotive
2024-01-10,TSLA,233.46,236.03,210.77,213.97,13190342,436929541369860,-8.3486,307.33,179.14,44.21,Automotive
2024-01-11,TSLA,213.97,220.86,211.8,220.47,8741872,229216973667758,3.039,263.98,166.9,46.85,Automotive
2024-01-12,TSLA,220.47,235.46,220.12,233.94,7450467,351915275668253,6.1119,276.83,174.15,25.52,Automotive
2024-01-15,TSLA,233.94,248.55,230.61,245.21,7684064,214670556422263,4.8171,301.77,153.16,17.87,Automotive
2024-01-16,TSLA,245.21,245.7,239.46,242.91,17126119,315664859062791,-0.9367,306.04,159.43,32.6,Automotive
2024-01-17,TSLA,242.91,247.12,237.14,238.9,12357949,551888349836762,-1.6522,266.35,164.16,33.95,Automotive
2024-01-18,TSLA,238.9,247.46,234.49,244.5,8810941,163397010093438,2.3459,284.76,180.7,71.82,Automotive
2024-01-19,TSLA,244.5,249.24,234.4,238.73,5971573,189757839752119,-2.3602,278.88,181.72,54.47,Automotive
2024-01-22,TSLA,238.73,241.59,233.97,235.62,5968879,143852464568785,-1.3039,260.38,194.87,36.07,Automotive
2024-01-23,TSLA,235.62,248.02,233.35,244.85,12375718,278457705099255,3.9173,309.32,184.04,24.7,Automotive
2024-01-24,TSLA,244.85,249.44,236.44,237.98,10373307,336292141463121,-2.8044,288.51,190.04,43.72,Automotive
2024-01-25,TSLA,237.98,242.55,206.91,209.42,9926044,475641304798664,-12.0,293.8,176.28,31.99,Automotive
2024-01-26,TSLA,209.42,211.79,203.77,205.67,8710235,183175751275127,-1.7909,267.35,160.79,43.21,Automotive
2024-01-29,TSLA,205.67,222.65,203.36,218.79,9192879,38774731577372,6.3789,219.33,184.89,60.49,Automotive
2024-01-30,TSLA,218.79,220.22,214.76,217.12,10809369,217978313441884,-0.7635,233.72,190.82,62.21,Automotive
2024-01-31,TSLA,217.12,218.18,213.27,217.02,7536938,482905524082208,-0.0472,260.24,155.69,62.3,Automotive
2024-02-01,TSLA,217.02,222.47,216.76,220.94,6333098,7568441081484,1.8044,259.44,185.84,23.03,Automotive
2024-02-02,TSLA,220.94,232.29,216.93,231.53,8887467,144663777583566,4.7926,263.39,198.81,46.07,Automotive
2024-02-05,TSLA,231.53,237.53,231.22,235.48,9696830,580107054008732,1.706,301.57,188.47,72.52,Automotive
2024-02-06,TSLA,235.48,238.48,226.02,228.72,3614702,437781181377161,-2.8693,260.31,210.89,61.02,Automotive
2024-02-07,TSLA,228.72,237.76,226.21,235.08,18307361,207048596132966,2.7796,285.96,214.48,49.51,Automotive
2024-02-08,TSLA,235.08,238.43,226.95,231.1,5763224,291055650004022,-1.6938,276.79,154.77,47.0,Automotive
2024-02-09,TSLA,231.1,232.66,228.28,230.06,8630202,616851735192221,-0.4492,285.63,153.17,78.49,Automotive
2024-02-12,TSLA,230.06,242.45,226.67,238.93,7802068,703776618293731,3.8547,266.25,208.61,50.22,Automotive
2024-02-13,TSLA,238.93,240.94,227.04,231.39,16793344,456513716719375,-3.1575,276.1,206.86,38.75,Automotive
2024-02-14,TSLA,231.39,232.85,227.11,228.37,3767857,209928142123388,-1.3053,270.3,214.0,60.16,Automotive
2024-02-15,TSLA,228.37,231.46,219.98,221.99,13198240,617870439453131,-2.7927,292.91,184.44,24.06,Automotive
2024-02-16,TSLA,221.99,223.68,211.61,213.37,27058942,260367932126607,-3.8848,236.08,201.04,26.14,Automotive
2024-02-19,TSLA,213.37,220.4,211.03,216.34,10171289,493975440185497,1.3928,286.85,190.45,66.29,Automotive
2024-02-20,TSLA,216.34,218.71,215.68,217.77,25873110,494578408281412,0.6605,254.42,144.8,57.83,Automotive
2024-02-21,TSLA,217.77,229.49,216.57,228.94,16820040,417930405858875,5.1302,283.58,201.89,37.48,Automotive
2024-02-22,TSLA,228.94,233.47,224.48,226.54,5599082,138462894730996,-1.0492,257.73,178.86,35.03,Automotive
2024-02-23,TSLA,226.54,231.78,225.49,228.03,11798528,134310354305054,0.6584,277.43,190.01,61.81,Automotive
2024-02-26,TSLA,228.03,236.45,225.03,232.28,21267794,286392343574487,1.8658,276.82,153.14,27.97,Automotive
2024-02-27,TSLA,232.28,235.35,227.68,230.11,2984436,575211186571393,-0.936,283.64,183.99,39.65,Automotive
2024-02-28,TSLA,230.11,230.94,218.43,222.6,5761336,287403884160130,-3.2626,267.58,154.46,20.47,Automotive
2024-02-29,TSLA,222.6,224.72,219.12,223.99,5884796,405521891780680,0.6253,255.83,159.65,80.84,Automotive
2024-03-01,TSLA,223.99,232.62,219.8,229.33,7433330,600007065668011,2.382,300.24,150.62,55.27,Automotive
2024-03-04,TSLA,229.33,243.16,226.48,240.63,3528581,44298749431851,4.9285,288.79,156.69,47.97,Automotive
2024-03-05,TSLA,240.63,246.81,237.36,246.42,7320649,195590970904756,2.4045,276.81,211.62,24.75,Automotive
2024-03-06,TSLA,246.42,250.99,231.35,233.07,7009631,614520865745528,-5.4175,276.16,165.56,81.36,Automotive
2024-03-07,TSLA,233.07,247.41,228.57,243.62,5718896,717083846156551,4.5282,311.14,193.32,57.87,Automotive
2024-03-08,TSLA,243.62,257.94,240.0,253.13,12080151,35336142158683,3.9057,258.4,195.45,60.52,Automotive
2024-03-11,TSLA,253.13,257.47,245.98,246.36,10610606,19464444783885,-2.675,269.99,223.28,71.8,Automotive
2024-03-12,TSLA,246.36,249.8,228.35,229.72,7192519,382300125223799,-6.7546,262.53,216.72,63.68,Automotive
2024-03-13,TSLA,229.72,230.55,219.53,222.12,11133347,598165380699968,-3.3085,308.92,174.66,28.56,Automotive
2024-03-14,TSLA,222.12,223.32,217.77,219.71,9502594,152252607931030,-1.0842,283.03,203.57,70.52,Automotive
2024-03-15,TSLA,219.71,219.99,197.06,198.31,4704804,484010526450575,-9.7387,235.75,151.16,27.64,Automotive
2024-03-18,TSLA,198.31,207.32,195.26,204.57,10077499,181627878308389,3.1551,244.29,157.38,23.57,Automotive
2024-03-19,TSLA,204.57,211.81,202.4,209.44,10597006,462784405410018,2.3828,236.71,189.13,30.42,Automotive
2024-03-20,TSLA,209.44,212.75,202.52,205.49,2787632,404019427775184,-1.8841,253.01,152.95,63.84,Automotive
2024-03-21,TSLA,205.49,209.21,201.82,203.16,8854122,380170720716071,-1.1359,233.01,146.12,24.6,Automotive
2024-03-22,TSLA,203.16,211.45,199.91,208.31,8414631,234678734997671,2.535,263.07,140.71,83.45,Automotive
2024-03-25,TSLA,208.31,210.31,201.34,205.0,4472276,308368966029534,-1.5872,220.84,152.77,41.89,Automotive
2024-03-26,TSLA,205.0,207.77,203.27,206.47,7378859,308392291308083,0.7155,268.31,156.91,18.11,Automotive
2024-03-27,TSLA,206.47,209.71,202.55,207.8,12079210,192395162024480,0.6437,250.34,155.75,16.82,Automotive
2024-03-28,TSLA,207.8,211.65,195.39,195.93,4558092,476810820914089,-5.7108,255.03,182.28,38.87,Automotive
2024-03-29,TSLA,195.93,201.3,194.73,199.48,5560766,440893139121925,1.8135,209.08,133.77,42.17,Automotive
2024-04-01,TSLA,199.48,202.93,197.22,197.65,4237607,276424410103661,-0.9151,243.72,163.67,51.32,Automotive
2024-04-02,TSLA,197.65,204.3,197.17,201.25,13495105,82238809648231,1.8211,208.43,175.88,81.57,Automotive
2024-04-03,TSLA,201.25,208.23,198.52,205.9,10790004,245614937762478,2.3102,248.48,152.65,61.15,Automotive
2024-04-04,TSLA,205.9,211.24,202.27,208.62,3639061,357115008879411,1.3212,236.02,150.17,27.51,Automotive
2024-04-05,TSLA,208.62,210.68,200.71,201.04,10068669,291190479660710,-3.6356,271.89,149.24,19.1,Automotive
2024-04-08,TSLA,201.04,208.95,198.22,206.35,7642180,42543140584566,2.6402,221.94,176.87,34.33,Automotive
2024-04-09,TSLA,206.35,211.68,202.8,208.97,7339635,388596155430364,1.272,219.74,141.21,17.7,Automotive
2024-04-10,TSLA,208.97,211.48,199.32,203.22,3578658,438205871964581,-2.7516,223.23,180.63,33.13,Automotive
2024-01-02,NVDA,495.0,503.56,487.6,494.17,18855324,1067003513541466,-0.1672,608.94,373.68,20.42,Semiconductors
2024-01-03,NVDA,494.17,496.89,472.18,478.79,10927512,537924249455140,-3.1128,640.84,382.88,59.93,Semiconductors
2024-01-04,NVDA,478.79,487.72,476.38,484.23,7308734,491460797512693,1.1361,561.35,404.86,47.95,Semiconductors
2024-01-05,NVDA,484.23,505.06,474.96,503.02,7916235,1404417209998943,3.8812,640.91,318.46,57.63,Semiconductors
2024-01-08,NVDA,503.02,517.24,497.82,509.18,5082977,891440366732507,1.224,580.09,359.39,73.15,Semiconductors
2024-01-09,NVDA,509.18,536.18,508.65,531.8,10466672,132502353263979,4.443,546.45,473.87,30.72,Semiconductors
2024-01-10,NVDA,531.8,537.87,506.32,512.5,8759461,1129109915058431,-3.6292,693.62,429.87,18.6,Semiconductors
2024-01-11,NVDA,512.5,517.31,488.05,495.42,9874403,1243745314597989,-3.3324,583.18,370.64,32.02,Semiconductors
2024-01-12,NVDA,495.42,501.82,492.55,497.02,5547757,178688384064183,0.3237,556.02,430.94,76.62,Semiconductors
2024-01-15,NVDA,497.02,502.29,487.51,488.79,12677386,960565138549427,-1.6562,612.11,390.01,44.32,Semiconductors
2024-01-16,NVDA,488.79,490.44,461.14,465.7,5985549,1086337500701818,-4.7233,573.0,403.46,24.67,Semiconductors
2024-01-17,NVDA,465.7,468.94,456.57,465.15,13393867,591555643748223,-0.1186,626.35,383.18,59.28,Semiconductors
2024-01-18,NVDA,465.15,477.53,455.98,469.25,3072965,176229044848520,0.8818,525.16,379.74,80.11,Semiconductors
2024-01-19,NVDA,469.25,470.02,463.54,469.08,6853903,973242022473581,-0.0353,632.07,323.65,75.68,Semiconductors
2024-01-22,NVDA,469.08,497.85,463.28,494.03,5230567,828719630137682,5.3195,592.73,321.65,77.82,Semiconductors
2024-01-23,NVDA,494.03,515.51,493.48,509.04,5963543,76373576722644,3.0381,628.22,373.73,46.42,Semiconductors
2024-01-24,NVDA,509.04,517.62,488.9,496.1,11948310,713968045727072,-2.5425,555.05,358.89,68.62,Semiconductors
2024-01-25,NVDA,496.1,525.83,494.62,524.47,4929283,937100213503653,5.719,575.95,419.12,41.56,Semiconductors
2024-01-26,NVDA,524.47,530.85,507.37,508.41,11120991,154679841742550,-3.0626,597.48,394.58,54.49,Semiconductors
2024-01-29,NVDA,508.41,532.46,502.36,523.54,5980424,512314369259625,2.9759,582.42,357.68,25.02,Semiconductors
2024-01-30,NVDA,523.54,543.59,515.16,533.04,4199616,834003918602820,1.8147,640.05,436.97,21.96,Semiconductors
2024-01-31,NVDA,533.04,536.35,525.37,531.57,11355443,1412789338201796,-0.275,605.82,493.23,84.22,Semiconductors
2024-02-01,NVDA,531.57,539.74,522.36,532.47,2852324,336748239345990,0.1687,691.91,465.9,16.91,Semiconductors
2024-02-02,NVDA,532.47,569.91,529.9,563.57,4287447,19665968864037,5.8403,692.08,350.22,29.22,Semiconductors
2024-02-05,NVDA,563.57,591.61,557.88,582.92,7041703,1454763061463125,3.4328,641.61,384.85,64.44,Semiconductors
2024-02-06,NVDA,582.92,598.48,574.18,593.02,5672618,1539207553504149,1.7323,785.73,506.84,23.15,Semiconductors
2024-02-07,NVDA,593.02,602.55,585.47,589.11,10442004,584067460770113,-0.6593,712.88,434.58,59.14,Semiconductors
2024-02-08,NVDA,589.11,597.61,552.94,560.8,8286743,1556398891123092,-4.8052,695.16,547.7,70.59,Semiconductors
2024-02-09,NVDA,560.8,568.41,546.74,548.56,21305837,66580930145657,-2.1822,695.59,365.86,24.58,Semiconductors
2024-02-12,NVDA,548.56,556.13,514.7,522.52,20588363,244031377861428,-4.7474,709.92,477.28,34.78,Semiconductors
2024-02-13,NVDA,522.52,542.32,520.58,532.17,23406114,1198498055839425,1.8462,549.15,350.18,54.04,Semiconductors
2024-02-14,NVDA,532.17,539.51,524.19,534.73,12026349,615028444903499,0.4816,652.0,447.72,48.9,Semiconductors
2024-02-15,NVDA,534.73,538.31,521.42,529.68,6833019,469808157078488,-0.9438,639.28,475.39,42.45,Semiconductors
2024-02-16,NVDA,529.68,610.86,520.22,609.13,13904469,1610827314442618,15.0,676.13,389.94,82.86,Semiconductors
2024-02-19,NVDA,609.13,611.08,591.17,597.85,17119301,578081655845954,-1.8525,660.33,523.3,64.34,Semiconductors
2024-02-20,NVDA,597.85,610.67,591.45,600.88,5032361,747992676791364,0.5073,669.87,440.78,50.52,Semiconductors
2024-02-21,NVDA,600.88,625.03,597.67,623.69,5087086,496389681811557,3.7966,688.18,461.12,45.94,Semiconductors
2024-02-22,NVDA,623.69,627.49,589.24,592.89,17122380,610337001958403,-4.9383,808.03,463.12,43.69,Semiconductors
2024-02-23,NVDA,592.89,595.81,579.33,584.07,7781173,1661337595144254,-1.4877,731.62,444.02,57.35,Semiconductors
2024-02-26,NVDA,584.07,620.13,573.39,610.22,9819733,1292824665050157,4.4766,773.12,514.01,53.7,Semiconductors
2024-02-27,NVDA,610.22,615.03,589.06,598.78,5390060,289584282671790,-1.8744,738.8,554.03,31.05,Semiconductors
2024-02-28,NVDA,598.78,615.09,589.26,610.63,3133448,1345830372122734,1.9789,797.58,395.69,16.4,Semiconductors
2024-02-29,NVDA,610.63,623.5,604.04,618.21,8160964,298893615233208,1.2419,696.39,439.04,69.07,Semiconductors
2024-03-01,NVDA,618.21,620.7,615.06,618.63,13239874,1219318948648333,0.0678,673.45,539.18,33.9,Semiconductors
2024-03-04,NVDA,618.63,633.86,615.22,624.66,9817122,783891687286892,0.9746,652.3,556.2,57.34,Semiconductors
2024-03-05,NVDA,624.66,651.65,614.47,641.35,17289065,1169174231830541,2.6725,714.4,466.69,50.86,Semiconductors
2024-03-06,NVDA,641.35,658.94,631.74,655.76,9423371,1294018661045033,2.2467,764.12,472.91,21.51,Semiconductors
2024-03-07,NVDA,655.76,685.92,653.95,679.01,7783171,1090906736082086,3.5454,736.67,429.63,49.79,Semiconductors
2024-03-08,NVDA,679.01,686.74,652.87,664.8,11985545,454604644509168,-2.0926,911.61,522.3,31.25,Semiconductors
2024-03-11,NVDA,664.8,673.58,639.74,648.62,14211775,1577377128817412,-2.4339,892.66,451.14,26.85,Semiconductors
2024-03-12,NVDA,648.62,666.54,637.39,662.73,5748583,1229508680945833,2.1756,773.19,562.29,54.66,Semiconductors
2024-03-13,NVDA,662.73,670.28,653.4,666.42,20764482,682105803911462,0.5569,725.81,494.68,54.57,Semiconductors
2024-03-14,NVDA,666.42,675.83,661.22,664.98,9150199,1587418268740634,-0.2164,808.82,495.75,60.64,Semiconductors
2024-03-15,NVDA,664.98,672.14,650.02,652.42,18016889,1943151252016285,-1.8887,714.47,453.19,63.95,Semiconductors
2024-03-18,NVDA,652.42,655.08,627.15,630.8,16063142,322400597080640,-3.3141,770.69,614.3,17.73,Semiconductors
2024-03-19,NVDA,630.8,641.06,614.71,621.39,10224457,1398590682694310,-1.4925,765.87,485.6,35.77,Semiconductors
2024-03-20,NVDA,621.39,632.9,603.89,608.23,10476210,957720847675634,-2.118,767.12,473.18,60.52,Semiconductors
2024-03-21,NVDA,608.23,624.51,603.16,621.47,14254810,1334735642086287,2.1773,733.41,441.19,47.4,Semiconductors
2024-03-22,NVDA,621.47,667.99,619.11,658.32,5686072,275827950126615,5.9296,750.31,558.59,15.69,Semiconductors
2024-03-25,NVDA,658.32,659.82,648.49,649.42,10254987,614249959343429,-1.3524,728.3,564.98,52.64,Semiconductors
2024-03-26,NVDA,649.42,655.85,635.46,646.47,10376319,685970342852286,-0.4547,790.83,466.16,59.02,Semiconductors
2024-03-27,NVDA,646.47,670.65,644.2,659.7,7456573,1160833273949409,2.0471,738.09,541.32,43.23,Semiconductors
2024-03-28,NVDA,659.7,668.62,647.0,659.21,16580174,309814910713089,-0.0743,837.29,484.22,33.41,Semiconductors
2024-03-29,NVDA,659.21,694.12,655.62,685.78,15175954,686142206434685,4.0313,844.84,545.6,34.41,Semiconductors
2024-04-01,NVDA,685.78,709.28,678.23,699.69,3444732,361583471501779,2.0276,881.23,649.25,21.39,Semiconductors
2024-04-02,NVDA,699.69,706.44,697.32,703.53,6812303,689574469029253,0.5485,922.74,465.75,50.82,Semiconductors
2024-04-03,NVDA,703.53,708.61,669.58,676.68,11681304,247076196527753,-3.8164,856.93,536.93,41.99,Semiconductors
2024-04-04,NVDA,676.68,684.07,654.16,660.71,9521025,1751943619503868,-2.3594,881.48,633.78,81.18,Semiconductors
2024-04-05,NVDA,660.71,686.99,654.53,675.53,4493167,998385452511833,2.2435,850.13,565.31,54.05,Semiconductors
2024-04-08,NVDA,675.53,676.53,651.04,659.65,10666464,927623909608671,-2.3501,845.1,586.73,29.96,Semiconductors
2024-04-09,NVDA,659.65,672.08,591.88,599.51,4665705,329329857084701,-9.1168,840.58,430.88,45.95,Semiconductors
2024-04-10,NVDA,599.51,603.65,587.04,597.93,8809752,667331297446874,-0.2632,675.13,555.43,57.47,Semiconductors
